Workbook

Sheet project budget
A1: CareLink HMS Implementation Project - Budget
A2: Category | B2: Estimated Quantity | C2: Estimated Cost per Unit | D2: Estimated Subtotal | E2: Notes
A4: Execution | B4: days | C4: $ | E4: Configuration, integration & delivery labour (Months 3-9)
A5: Project Manager | B5: 100 | C5: 600 | D5: =B5*C5 -> 60000 | E5: 100 days @ $600/day managing execution phase
A6: Business Analyst (1) | B6: 60 | C6: 550 | D6: =B6*C6 -> 33000 | E6: 60 days @ $550/day requirements/process analysis
A8: Config/Integration Specialists (3) | B8: 300 | C8: 650 | D8: =B8*C8 -> 195000 | E8: 3 specialists, 300 days total @ $650/day (config + integration)
A9: UX/Reports Designer | B9: 20 | C9: 600 | D9: =B9*C9 -> 12000 | E9: 20 days @ $600/day designing screens/reports
A10: Costs Total | D10: =SUM(D5:D9) -> 300000
A12: Initiation
A13: Project Manager | B13: 20 | C13: 600 | D13: =B13*C13 -> 12000 | E13: 20 days @ $600/day charter & planning
A14: UX/Reports Designer | B14: 10 | C14: 600 | D14: =B14*C14 -> 6000 | E14: 10 days @ $600/day early design input
A15: Configuration Team (Reqs & Vendor Eval) | B15: 40 | C15: 600 | D15: =B15*C15 -> 24000 | E15: 40 days @ $600/day requirements & vendor evaluation
A18: Costs Total | D18: =SUM(D13:D17) -> 42000
A20: Other WBS Structure Item (Level 2): Testing
A22: Testing Support by Vendor | D22: 120000 | E22: Fixed-price vendor SIT/UAT support (assumption, per quote)
A25: Networking Costs Total | D25: =SUM(D21:D24) -> 120000
A27: Training
A28: Trainer | B28: 60 | C28: 900 | D28: =B28*C28 -> 54000 | E28: 60 trainer-days @ $900/day across NSW/VIC sites
A31: Costs Subtotal | D31: =SUM(D28:D30) -> 54000
A33: Software, Cloud Hosting & Overheads (Misc.)
A35: Cloud Hosting Setup (SaaS) | B35: 1 | C35: 60000 | D35: =B35*C35 -> 60000 | E35: SaaS hosting/setup only - no on-prem hardware upgrade
A36: HMS Software Licence (Year 1) | B36: 1 | C36: 850000 | D36: =B36*C36 -> 850000 | E36: Year 1 HMS platform licence fee (assumption, per vendor quote)
A38: Costs Subtotal | D38: =SUM(D34:D37) -> 910000
A40: Services
A41: Data Migration & Integration Tools | B41: 1 | C41: 130000 | D41: =B41*C41 -> 130000 | E41: Data migration/integration tooling (assumption)
A49: Services Subtotal | D49: =SUM(D41:D48) -> 130000
A51: Additional Costs
A52: Overhead | B52: 1 | C52: =(D10+D18)*0.2 -> 68400 | D52: =B52*C52 -> 68400 | E52: 20% of Execution+Initiation labour, per overhead policy
A56: Additional Costs Subtotal | D56: =SUM(D52:D55) -> 68400
A59: Costs Total | D59: =D56+D49+D38+D31+D25+D18+D10 -> 1624400
A61: Contingency
A62: Reserve | B62: 1 | C62: =D59*0.1 -> 162440 | D62: =B62*C62 -> 162440 | E62: 10% contingency reserve on total project cost
D67: =SUM(D62:D66) -> 162440
A69: GRAND TOTAL | E69: =D59+D67 -> 1786840

Sheet Budget Charts
A1: Budget Summary by Category
A3: Category | B3: Amount (AUD)
A4: Execution (labour) | B4: ='project budget'!D10 -> 300000
A5: Initiation (labour) | B5: ='project budget'!D18 -> 42000
A6: Testing (vendor) | B6: ='project budget'!D25 -> 120000
A7: Training | B7: ='project budget'!D31 -> 54000
A8: Software/Cloud/Overheads | B8: ='project budget'!D38 -> 910000
A9: Services | B9: ='project budget'!D49 -> 130000
A10: Additional Costs (Overhead) | B10: ='project budget'!D56 -> 68400
A11: Contingency Reserve | B11: ='project budget'!D62 -> 162440
